name,first_name,last_name,email,addition info,school,role
Jess Choi,Jess,Choi,yulimcho@usc.edu,"linkedin.com/in/yulimjesschoi
yulimjchoi.github.io",Viterbi,Graduate student
Wynnie Nguyen,Wynnie,Nguyen,quanguye@usc.edu,,Other,Graduate student
Nathan Kim,Nathan,Kim,nkkim@usc.edu,https://www.linkedin.com/in/nathankkim/,Other,Graduate student
Bryan Chen,Bryan,Chen,bryanchen10203@gmail.com,,Viterbi,Undergraduate student
Yibo,Yibo,,yzhao829@usc.edu,,,
Burak Barlas,Burak,Barlas,fpburak@gmail.com,,,
Edson Barillas,Edson,Barillas,ebarilla@usc.edu,"https://www.linkedin.com/in/edson-barillas

Website: edsonbarillas.figma.site",Other,Undergraduate student
Kera,Kera,,hxin0884@gmail.com,LinkedIn: https://www.linkedin.com/in/xin-huang-uu84kera,Viterbi,Graduate student
Manuela Berrio,Manuela,Berrio,berrio@usc.edu,https://www.linkedin.com/in/manuela-berrio,Viterbi,Undergraduate student
Jj Roma,JJ,Roma,jor777@myyahoo.com,,,
Samruddhi Kale,Samruddhi,Kale,samruddh@usc.edu,"Linkedin : www.linkedin.com/in/samruddhi-kale

Website : https://samruddhi-kale-27-portfolio.netlify.app/",Viterbi,Graduate student
Parnavi Pipaliya,Parnavi,Pipaliya,pipaliya@usc.edu,https://www.linkedin.com/in/parnavi-pipaliya?utm_source=share&utm_campaign=share_via&utm_content=profile&utm_medium=ios_app,Viterbi,Graduate student
Anthony Shen,Anthony,Shen,shenanth@usc.edu,"I love turning an idea into a product people use and benefit from. My biggest strength is full-stack development and fast iteration.

I founded and built Besties, a USC platform that helps students meet through friend requests and coffee chats. 350+ signups and 500+ friend requests.

I also founded and run Hello, Trojan, an independent USC news publication. Nine issues and over 55k views so far.

My AI photo app, BeAnywhere, turns 4 selfies into a curated photoshoot. It’s currently in App Store review!

I want to meet ambitious people, build something big and make real money doing it!

LinkedIn: https://www.linkedin.com/in/tonyofalltrades/
Besties: https://apps.apple.com/us/app/besties-usc/id6757664170
Hello, Trojan: https://hellotrojan.com/
BeAnywhere: https://beanywhere.app/",IYA,Undergraduate student
Liting Zheng,Liting,Zheng,litingzh@usc.edu,,Viterbi,Graduate student
ShiaoFong Yin,ShiaoFong,Yin,shiaofon@usc.edu,,Marshall,Professional
Yuktha Rachuru,Yuktha,Rachuru,rachuru@usc.edu,https://www.linkedin.com/in/yuktha-rachuru,Marshall,Undergraduate student
Melih,Melih,,melihboyunn@gmail.com,https://www.linkedin.com/in/amelihboyun,Viterbi,Graduate student
Prasath Kathiresan,Prasath,Kathiresan,pkathire@usc.edu,https://www.linkedin.com/in/prasath-k-60138516a,Viterbi,Graduate student
Manu,Manu,,manugoel@usc.edu,,Viterbi,Graduate student
Tina Huang,Tina,Huang,zitongh@usc.edu,,Other,Undergraduate student
Jeffrey Bai,Jeffrey,Bai,jeffreybai6616@gmail.com,https://www.linkedin.com/in/jeffreybai08/,Marshall,Undergraduate student
Brennen Ho,Brennen,Ho,boho@usc.edu,"LinkedIn: https://www.linkedin.com/in/brennenho/
Website: https://brennen.dev",Viterbi,Undergraduate student
Bobby Yang,Bobby,Yang,yangb7777@gmail.com,,Dornsife,Undergraduate student
William Tseng,William,Tseng,wktseng@usc.edu,linkedin.com/in/thewilliamtseng,Marshall,Undergraduate student
Martina,Martina,Zheng,fzheng16@usc.edu,,Marshall,Graduate student
Anshuman Shrivastav,Anshuman,Shrivastav,anshuman1107njr@gmail.com,,Marshall,Undergraduate student
Sumin Wu,Sumin,Wu,suminwu@usc.edu,"Building: Hardware for consumers
Major: BUAI (viterbi x marshall)
Prev: YC, LavaLab 
Interests: B2C, wearables, tech for women, health
LinkedIn: https://www.linkedin.com/in/sumin-wu-bxn",Viterbi,Undergraduate student
Rohith sathiya,Rohith,Sathiya,rsathiya@usc.edu,https://www.linkedin.com/in/s-r-o-h-i-t-h,Viterbi,Graduate student
Mingway,Mingway,,limingwe@usc.edu,,Other,Graduate student
Warren Shao,Warren,Shao,whshao@usc.edu,,Viterbi,Undergraduate student
Prakhar Goel,Prakhar,Goel,goelprak@usc.edu,https://www.linkedin.com/in/prakhargoel200,Viterbi,Graduate student
Richard Zhang,Richard,Zhang,rszhang@usc.edu,"https://www.linkedin.com/in/richardshizhang/
https://www.instagram.com/richardshizhang/
talk to me about biotechnology/life sciences, social entrepreneurship and connecting people, and/or the creative process!",Dornsife,Undergraduate student
Michael,Michael,Yiu,yium@usc.edu,,Viterbi,Graduate student
Arjan,Arjan,,arjankoc@usc.edu,'@arjan.skochar,Marshall,Undergraduate student
Dongyeop Lee,Dongyeop,Lee,dongyeop0810@gmail.com,"dongyeoplee.com
www.linkedin.com/in/dongyeopl
github.com/DY0810",Dornsife,Undergraduate student
Alexus Espino,Alexus,Espino,alexusespinola@gmail.com,I am watching a new oral care product. Join the waitlist here: https://theoralrinse.com/,Other,Graduate student
Yasmin Kahkesh,Yasmin,Kahkesh,kahkesh@usc.edu,https://www.linkedin.com/in/yasmin-kahkesh/,,
Shuhan Chen,Shuhan,Chen,shuhanc@usc.edu,,,
Victor Ong,Victor,Ong,victor@bilisense.com,Love medtech! Find me at https://linkedin.com/in/victoraong/ or at https://bilisense.com/,Viterbi,Professional
Lauritz David Jr,Lauritz,David Jr,lauritz.david.jr@gmail.com,"Mechanical Engineering undergrad. 8+ years working in hardware prototyping center. linkedin.com/in/lauritzdavidjr
Yuebloom.ai",Marshall,Graduate student
Milad Farazian,Milad,Farazian,miladfarazian@gmail.com,"https://farazian.com/

https://www.linkedin.com/in/miladfarazian/",Viterbi,Professional
Jonathan Cardona,Jonathan,Cardona,jacardon@usc.edu,www.linkedin.com/in/jonathan-a-cardona,Marshall,Professional
Haipeng Wu,Haipeng,Wu,wuhaipen@usc.edu,chris-wu.com,,
Babajide Johnson Asaju,Babajide,Johnson Asaju,asaju@usc.edu,https://www.linkedin.com/in/babajide-johnson-asaju-ph-d-b73182289,Marshall,Graduate student
j l,Jake,Lewin,jake@dijie.me,dijie.me/jake,Other,Other
Parissa Teli,Parissa,Teli,pteli@usc.edu,https://www.linkedin.com/in/parissa-teli-69280719b,IYA,Graduate student
Koko Jamgotchian,Koko,Jamgotchian,kokojamgotchian007@gmail.com,"LinkedIn: https://www.linkedin.com/in/koko-jamgotchian09

Website: https://autostitch.app/",Viterbi,Graduate student
Luyi li,Luyi,Li,luyili@usc.edu,https://www.linkedin.com/in/luyi-li-675b7829a?trk=contact-info,Viterbi,Undergraduate student
Eva Blaisdell,Eva,Blaisdell,eva@copernicspace.com,,Other,Professional
Nub-Petch Sinthunava,,,sinthuna@usc.edu,"nubpetchs@gmail.com
www.linkedin.com/in/nubpetch",Marshall,Undergraduate student
Akhil Sharma,Akhil,Sharma,sharma.akhil100@gmail.com,,,
Ryan Lee,Ryan Jiyun,Lee,rlee2027@usc.edu,"https://comp-ryan.github.io/personal_website/experience.html
https://www.linkedin.com/in/ryan-lee-7a8209352/?isSelfProfile=true",Viterbi,Undergraduate student
Sal Landeros,,,slanderos01@yahoo.com,,Other,Professional
Robert L Walker,Robert,L Walker,prism@rainbowseismic.com,https://github.com/rwalkerlewis,Viterbi,Professional
Ivana,Ivana,Rauda Gaona,raudagao@usc.edu,http://linkedin.com/in/ivanarauda-gaona/,,
Benjamin Hall,Benjamin,Hall,hallbenj@usc.edu,,Marshall,Professional
Hector,,,hermitixx@gmail.com,,Viterbi,Graduate student
Sara Jenabzadeh,Sara,Jenabzadeh,sjenabza@usc.edu,"Hi, I’m Sara! My co-founder and I are building a wellness-focused IoT smart home system. It detects ambient/biometric anxiety indicators and automatically adapts environmental factors (lighting, climate, sound) to reduce stress. We have verified demand from interior designers and developers, and we are actively preparing for upcoming USC pitch competitions and non-dilutive grant applications. 

Looking for: A Technical Co-Founder / Hardware Engineer with Electrical Engineering (EE) or Computer Engineering (CE) experience. You should be skilled in sensor integration, embedded systems, or firmware development, and ready to commit 1+ years to building a disruptive hardware prototype alongside us.

Point of contact:
email -> sjenabza@usc.edu
phone -> 3104660090",Dornsife,Undergraduate student
Arpita Sharma ,Arpita,Sharma,arpitas@usc.edu,Coordicare.app,Dornsife,Professional
Daniel Abaian,Daniel,Abaian,dabaian@usc.edu,,Other,Undergraduate student
Sissi Stilgenbauer,Sissi,Stilgenbauer,stilgenb@usc.edu,,Other,Undergraduate student
Victor Lai,,,victor.lai@alumni.usc.edu,,,
Catherine Yunis,Catherine,Yunis,yunis@alum.mit.edu,,Viterbi,Professional
Jasmin Jin,Jasmin,Jin,jhjin@marshall.usc.edu,"I am a first year MBA student bringing with me 7 years as a learning designer, trainer, and teacher. I’m looking to bring strategy and relationship-building work to social impact opportunities, especially in education, poverty alleviation, and animal welfare. Feel free to connect with me on LinkedIn: https://www.linkedin.com/in/jasminjin.",Marshall,Graduate student
Misong Kim,Misong,Kim,misongki@marshall.usc.edu,,Marshall,Graduate student
Hungyu,Hungyu,Lin,dennylin0707@gmail.com,"Interests: Systems Software, Linux Kernel, Embedded Systems, AI, Entrepreneurship
LinkedIn: www.linkedin.com/in/hungyu-lin",Viterbi,Graduate student
Parenda Foroghi,Parenda,Foroghi,foroghi@usc.edu,,Other,Undergraduate student
Pantea Forooghi,Pantea,Forooghi,pforoogh@usc.edu,,Other,Undergraduate student
TONY LU,Tony,Lu,wenqil@usc.edu,https://www.linkedin.com/in/wenqilu2004,Marshall,Graduate student
Gagan Shivanna,Gagan,Shivanna,gshivann@usc.edu,"Linkedin Profile: Gagan Shivanna
Website: https://gagann-shivanna.vercel.app/",Viterbi,Graduate student
Yunita Anggraeni,Yunita,Anggraeni,yunita.anggraeni.2027@marshall.usc.edu,,,
Brian Ohebshalom,Brian,Ohebshalom,brianohe@usc.edu,https://www.lockedinapp.co/,Marshall,Undergraduate student
David Emrani,David,Emrani,davidemr@usc.edu,fastflip.ai,Marshall,Undergraduate student
Bianca Costa,Bianca,Costa,bianca@earthiabio.com,https://www.linkedin.com/in/bianca-f-costa/,Viterbi,Professional
Jina Park,Jina,Park,jpark350@usc.edu,https://floret-median-26879255.figma.site/,Viterbi,Graduate student
Amayas Overstreet,Amayas,Overstreet,amayasov@usc.edu,"www.linkedin.com/in/amayaslem, Interests: USC M.S. student in Biomedical Engineering and Biokinesiology.

Interests: biomechanics, medical devices, wearable technology, signal processing, AI/ML, human movement, rehabilitation, and startups.

Currently exploring hardware solutions for improving movement, mobility, and injury prevention.",Viterbi,Graduate student
Richeal appiah,Richeal,Appiah,rappiah@usc.edu,,Viterbi,Undergraduate student
Mariana Cruz,Mariana,Cruz,mcruzsan@usc.edu,www.linkedin.com/in/mariana-cruz-santiago-,Marshall,Undergraduate student
Stella Foster,Stella,Foster,srfoster@usc.edu,https://www.linkedin.com/in/stellarosefoster/,Dornsife,Undergraduate student
Snow,Snow,,sixueh@usc.edu,,Other,Undergraduate student
Gabriel Linero,Gabriel,Linero,linero@usc.edu,,Viterbi,Graduate student
Charlotte Peng,Charlotte,Peng,charlotteypeng@gmail.com,https://www.linkedin.com/in/charlotte-peng26,Marshall,Graduate student
Henry P,Henry,P,poohenry@gmail.com,,,
Maia Rocha,Maia,Rocha,maiarocha100@gmail.com,"interest: human-ai interaction
linkedin: https://www.linkedin.com/in/maia-l-rocha/
website: maia-rocha.com",IYA,Undergraduate student
Hridaya Saravanan,Hridaya,Saravanan,hsaravan@usc.edu,https://www.linkedin.com/in/hridaya-saravanan-10094a29a/,Viterbi,Undergraduate student
Connie Chuen,Connie,Chuen,cchuen@usc.edu,Company Name: again & again wellness,Marshall,Graduate student
Yerim Park,Yerim,Park,yerimp@usc.edu,,Marshall,Undergraduate student
Zhengxin Liu,Zhengxin,Liu,simonliu@usc.edu,"Linkedin: https://www.linkedin.com/in/zhengxinliu/
interest:
Business Analyst, Investment Analyst, International Trades",Dornsife,Undergraduate student
Luca Luceri,Luca,Luceri,luca@dotnex.ai,"https://dotnex.ai/
https://www.linkedin.com/in/luceriluc/
Interests: AI, Social Media, Influence Campaigns, Brand Reputation",Viterbi,Professional
Daniel Hernan Vargas Ramos,Daniel,Hernan Vargas Ramos,vargasra@usc.edu,linkedin.com/in/dhvramos⁠,Viterbi,Graduate student
Jeffrey Bai,Jeffrey,Bai,baij@usc.edu,www.linkedin.com/in/jeffreybai08,Marshall,Undergraduate student
Owen Hu,Owen,Hu,bintaohu@usc.edu,https://www.linkedin.com/in/bintaohu/?isSelfProfile=true,Marshall,Graduate student
Mary,Mary,Velez,marychrisvelez@gmail.com,Linkedin.in/maryvelez,Viterbi,Graduate student
Attila Botond Szmolar,Attila,Botond Szmolar,aszmolar@usc.edu,,Marshall,Graduate student
Jainam Jain,Jainam,Jain,jainamja@usc.edu,"CS + Physics @ USC | Vice Chair, InnovateLA. Building Circulis (turning waste into business models), SomaCare (AI for aging well), and Chancery (my own relationship management system, so I will genuinely remember you - just kidding). linkedin.com/in/jainamtjain",Dornsife,Undergraduate student
Saurabh Mishra,Saurabh,Mishra,mishrasa@usc.edu,,Viterbi,Graduate student
Alex Gutierrez,Alex,Gutierrez,gutierrezalex.7737@icloud.com,alexguti.com,Viterbi,Graduate student
Xiaojie Deng,Xiaojie,Deng,xdeng713@usc.edu,,Viterbi,Graduate student
Rebecca Skalla,Rebecca,Skalla,skalla@usc.edu,,Other,Professional
Celeste Lee,Qin,Li,qli15347@gmail.com,"Founder of Celestopia, an AI-powered age-tech startup focused on memory, connection, and healthy aging. Interested in meeting engineers, product/design talent, fellow founders, and people working in AI, healthcare, and aging.",Other,Professional
Clarence,Clarence,,clarence@nalana.io,"nalana.io
http://linkedin.com/in/clarencekeith/",IYA,Undergraduate student
Nik aji,Nik,Aji,nikhilaj@usc.edu,,Marshall,Graduate student
Henry Min,Henry,Min,hjpmin94@gmail.com,linkedin.com/henry-min,Marshall,Graduate student
Kolawat Sukchom (Park),Kolawat,Sukchom,kolawat.sukchom.2027@marshall.usc.edu,https://www.linkedin.com/in/kolawat-sukchom,Marshall,Graduate student
Ryan Cheng,Ryan,Cheng,rcheng60@usc.edu,,Marshall,Undergraduate student
Gabriel Schlumberger,Gabriel,Schlumberger,gabriel.schlumberger@techstars.com,,Other,Professional
Bryan Zhao,Bryan,Zhao,zhaobrya@usc.edu,"6693882456, topics of interest: robotics, b2c, computer vision; hobbies: photography, food, hiking",Dornsife,Undergraduate student
Aiden Pan,Aiden,Pan,awpan@usc.edu,"https://www.linkedin.com/in/aidenpan/

pandosurgical.com",Viterbi,Undergraduate student
Chengdong Zhou,Chengdong,Zhou,czhou732@usc.edu,chengdongzhou.com,Dornsife,Undergraduate student
Steve Lu,Steve,Lu,stevelu@usc.edu,"https://www.linkedin.com/in/steveguanruilu/
https://mudesteven.github.io/",Viterbi,Undergraduate student
Marli Crowe,Marli,Crowe,marlicrowe@gmail.com,linkedin.com/in/marlicrowe/,Marshall,Graduate student
Leilani Thomas,Leilani,Thomas,leilanit@usc.edu,,Other,Undergraduate student
Sophie Picard,Sophie,Picard,spicard@usc.edu,,,Undergraduate student
Alexa Palermo,Alexa,Palermo,alexa.i.palermo@gmail.com,"Alexapalermo.com

https://www.linkedin.com/in/alexapalermo/",Marshall,Professional
Travis McBride,Travis,McBride,travs@exclusivebga.com,https://www.linkedin.com/in/mcbride-travis/,Marshall,Graduate student
Rabindra Kumar Jena,Rabindra,Kumar Jena,rjena@usc.edu,,Marshall,Graduate student
Gaurav Mellacheruvu,Gaurav ,Mellacheruvu,gmellacheruvu@gmail.com,https://www.linkedin.com/in/gaurav-mellacheruvu,Marshall,Undergraduate student
Elizabeth Garard,Elizabeth,Garard,garard@usc.edu,https://www.linkedin.com/in/lizgarard,Marshall,Graduate student
Kenichi Ozeki,Kenichi,Ozeki,kenichi.ozeki.2027@marshall.usc.edu,https://www.linkedin.com/in/kenichi-ozeki/,Marshall,Graduate student
Hanna Bogar,Hanna,Bogar,hannabogar@gmail.com,https://www.linkedin.com/in/hanna-bogar-55a5b343b?utm_source=share_via&utm_content=profile&utm_medium=member_ios,Marshall,Undergraduate student
Shuning Xu,Shuning,Xu,xushunin@usc.edu,https://www.linkedin.com/in/shuning-xu-b25601381/?lipi=urn%3Ali%3Apage%3Ad_flagship3_profile_view_base_contact_details%3BZrLXJrpjTl2qRITIQf9rjQ%3D%3D,IYA,Graduate student
Josephine Gardner,,,josephine.gardner23@gmail.com,https://www.linkedin.com/in/josephinegardner/,Marshall,Professional
Kent Nalbandian,Kent,Nalbandian,kentpn@usc.edu,https://www.linkedin.com/in/kent-peclar-nalbandian-89a6754/,IYA,Graduate student
guanda （justin） chen,Guanda,Chen,guandach@usc.edu,,,
Zion Zhang,Zion,Zhang,zion@humanest.ai,humanest.ai,Dornsife,Undergraduate student
Sam Goodman,Sam,Goodman,goodmans@usc.edu,"https://www.linkedin.com/in/sam-goodman-97101791/
https://linktr.ee/somos.index
sam@somosindex.com",Marshall,Graduate student
Everett Mealor,Everett,Mealor,mealor@usc.edu,"mealorenterprises.com
https://www.linkedin.com/in/everettmealor?utm_source=share_via&utm_content=profile&utm_medium=member_ios",Marshall,Undergraduate student
Regina Rezex,Regina,Rezex,rezex@usc.edu,"Regina Rezex
Assistant Dean, Development and External Relations
USC Iovine and Young Academy
rezex@usc.edu
www.linkedin.com/in/regina-rezex-9b541863
",IYA,Professional
Sofia Melle,Sofia,Melle,melle@usc.edu,,Marshall,Graduate student
Khalil Mayden,Khalil,Mayden,khalil.mayden@repl.it,,IYA,Professional
Matteo Bauli,Matteo,Bauli,bauli@usc.edu,,Marshall,Graduate student
Jimena Fernandez Perez,Jimena,Fernandez Perez,jimenafe@usc.edu,,Marshall,Undergraduate student
Karina Chang,Karina,Chang,kzchang@usc.edu,"Pre-dental, healthcare, biotech https://www.linkedin.com/in/karinazjc",Other,Undergraduate student
Sean Rana,,,sgrana@usc.edu,"Hi! I’m Sean, working on Cruma - it’s a workspace that allows humans and AI agents to work together as one crew on one shared infrastructure. Truly agent-native. Check it out @ https://cruma.ai

My LinkedIn: https://linkedin.com/in/seanrana",Marshall,Undergraduate student
Hannah Zou,Hannah,Zou,zouyuhan2005@gmail.com,www.linkedin.com/in/yuhan-hannah-zou-7b2626248,Other,Undergraduate student
Ben Barkett,,,bbarkett@usc.edu,,Marshall,Undergraduate student
Nicolas Dominick,Nicolas,Dominick,ndominic@usc.edu,,,
Mary Vélez,Mary,Vélez,mcvelez@usc.edu,,Viterbi,Graduate student
Morgan Avila,Morgan,Avila,mfavila@usc.edu,www.linkedin.com/in/morganfavila ,Marshall,Undergraduate student
Sara Heilmann,Sara,Heilmann,saraheil@usc.edu,,,
Nils Brandau,Nils,Brandau,nbrandau@usc.edu,,Marshall,Undergraduate student
Sarah Fetterman,Sarah,Fetterman,sfetterm@usc.edu,Linkedin: https://www.linkedin.com/in/sarah-fetterman-229634220/,Marshall,Graduate student
Andrew Ashman,Andrew,Ashman,aashman@wearbroadr.com,"Www.wearbroadr.com
https://www.linkedin.com/in/andrewashman1/",Marshall,Undergraduate student
Austin Wong,Austin,Wong,siukaiau@usc.edu,https://www.linkedin.com/in/austin-wong-5aab9227a/,Marshall,Undergraduate student
Callie,Callie,,csbeard@usc.edu,Linkedin: callie-beard1,Other,Undergraduate student
Adam Pata,Adam,Pata,pata@usc.edu,,,
Clara Bae,Clara,Bae,gaeunbae@usc.edu,clara bae,Marshall,Undergraduate student
熊月淇yueqi xiong,Yueqi,Xiong,yueqixio@usc.edu,"Alice Xiong
yueqixio@usc.edu",Other,Graduate student
Bradin Chung,Bradin,Chung,btchung@usc.edu,"LinkedIn: https://www.linkedin.com/in/bradinchung/
Project interests: Tech, Hardware, and Physical AI",Viterbi,Undergraduate student
Jaime Martin,Jaime,Martin,jaimem57@usc.edu,,Viterbi,Undergraduate student
Lauren Doyle,Lauren,Doyle,ledoyle@usc.edu,,,
LavaLab USC,LavaLab,USC,lavalab@usc.edu,,Viterbi,Undergraduate student
Jessie,Jessie,,xinjiez@usc.edu,,Other,Undergraduate student
Matteo Trocherie Rey,Matteo,Trocherie Rey,trocheri@usc.edu,,Marshall,Undergraduate student
Chase Dalton,Chase,Dalton,chase.dalton@techstars.com,,Other,Professional
Maddie Cheng,Maddie,Cheng,maddiech@usc.edu,"linkedin.com/in/maddie-cheng
Interests: brand strategy, fashion, entrepreneurship, consulting",IYA,Undergraduate student
Idan Koren,Idan,Koren,ik_839@usc.edu,"Idan Koren - Computational Biology student (Hebrew University of Jerusalem), currently doing a research rotation in aging genomics at USC (Cohen Lab, Leonard Davis School of Gerontology). Interested in biotech entrepreneurship and connecting with founders working at the intersection of health, AI, and genomics.",Other,Other
Marshal Aldoph,Marshal,Aldoph,aldoph@usc.edu,"https://squaloo.com
https://solomon-os.ai
https://www.linkedin.com/in/marshalaldoph/",IYA,Graduate student
Brendan Giang,Brendan,Giang,brendang@usc.edu,"I have a website with a digital networking card directly integrated into it. You can view it at https://brendangiang.com/card.

I also have an NFC sticker on my student ID that has the above link written to it!",IYA,Undergraduate student
Emmad A,Emmad,A,eali@usc.edu,"Founder, Zariya Senior Care Advisory
Interests: Healthcare & Tech",Marshall,Undergraduate student
Galit Hara-Salzberg,Galit,Hara-Salzberg,harasalz@usc.edu,,,
Harry Kelyan,Harry,Kelyan,hkelyan@usc.edu,I have a Electrolyte company ,Other,Undergraduate student
Karla Olmos,Karla,Olmos,karlaolm@usc.edu,https://www.linkedin.com/in/karlaolmos,Marshall,Graduate student
Alene Abdulian,Alene,Abdulian,aabdulia@usc.edu,,IYA,Undergraduate student
Alan Cruz Siero,Alan,Cruz Siero,siero@usc.edu,https://www.linkedin.com/in/alansiero,Marshall,Professional
Kashvi Jayagiri,Kashvi,Jayagiri,jayagiri@usc.edu,https://www.linkedin.com/in/kashvirjayagiri/,Viterbi,Undergraduate student
Vincent Straussberger,Vincent,Straussberger,vstrauss@usc.edu,https://www.linkedin.com/in/vincent-straussberger/,Marshall,Undergraduate student
Robin Feurstein,Robin,Feurstein,feurstei@usc.edu,https://www.linkedin.com/in/robinfeurstein/,Marshall,Undergraduate student
Eloah,Eloah,,brummund@usc.edu,https://www.linkedin.com/in/eloah-b-130766220,Marshall,Graduate student
Krasi Kafedzhiev,Krasi,Kafedzhiev,kafedzhi@usc.edu,insta: @kr4si_,Marshall,Undergraduate student
Carter Davis,Carter,Davis,carterpd@usc.edu,,,
Anushka Rala,Anushka,Rala,rala@usc.edu,"www.linkedin.com/in/anushka-rala
https://anushkarala.framer.website/",IYA,Undergraduate student
Om Roshan Ivatury,Om Roshan,Ivatury,ivatury@usc.edu,"climate, impact, architecture, robotics
omroshan.com",IYA,Undergraduate student
Anuj Shah,Anuj,Shah,anuj@anujshah.com,"https://www.instagram.com/anujtalks12
https://www.linkedin.com/in/anujtalks12
https://www.anujshah.com/
https://www.acrostictech.com/",IYA,Undergraduate student
Sahar Moshayedi,Sahar,Moshayedi,sahar@circle2learn.com,"website: www.circle2learn.com

company linkedin: https://www.linkedin.com/company/112704683/admin/dashboard/

personal linkedin: https://www.linkedin.com/in/sahar-moshayedi-114226139/
",Other,Professional
Gavin Collinot,Gavin,Collinot,collinot@usc.edu,"https://www.linkedin.com/in/gavin-collinot-3428a7158?utm_source=share_via&utm_content=profile&utm_medium=member_ios
",Dornsife,Undergraduate student
Saura Bhirud,Saura,Bhirud,sbhirud@usc.edu,,Viterbi,Undergraduate student
Guru,Guru,Subramani,guru.subramani.g.s@gmail.com,https://www.linkedin.com/in/gurusubramani,Other,Professional
Casey bajec,Casey,Bajec,bajec@usc.edu,briefdnewsletter.com,Marshall,Undergraduate student
Vatsal Vatsyayan,Vatsal,Vatsyayan,vatsyaya@usc.edu,,Viterbi,Professional
Vansh Gupta,Vansh,Gupta,vanshgup@usc.edu,,,
Aminata Sissoko,Aminata,Sissoko,asissoko@usc.edu,"LinkedIn
https://www.linkedin.com/in/aminata-sissoko-038116222?utm_source=share_via&utm_content=profile&utm_medium=member_ios
Business Instagram 
https://www.instagram.com/sokamitea?stkn=NTc4MTIwNjQ2YQ%3D%3D&utm_source=qr",Marshall,Graduate student
Mia Nguyen,Mia,Nguyen,mianguye@usc.edu,https://www.linkedin.com/in/miaynguyen/,IYA,Graduate student
Srinivas Patnaik Balivada,Srinivas,Patnaik,srinivaspatnaik321@gmail.com,,Viterbi,Graduate student
Humberto Velasco,Humberto,Velasco,velascohumberto460@gmail.com,,Other,Graduate student
Tammy Zhang,,,hzhang83@marshall.usc.edu,,,
Logan Marr,Logan,Marr,logan.marr.2028@marshall.usc.edu,"I'm Logan, a first-year at Marshall. I'm building Dolly, to aggregate national film production data and connect vendors to production agencies. I ran my family's film production logistics business through a turnaround, so I saw the problem from within. Before Marshall I was a senior credit analyst for a corporate bank, which means I think about startups the way a lender would. I'd love to meet anyone who knows production or has built in entertainment tech.",Marshall,Graduate student
Alassane Fofana,Alassane,Fofana,afofana@usc.edu,"I'd like to use the links currently listed on the below landing page.

https://app.mobilocard.com/social_profile/OG3cHxm49LRb4rpRNqXLiVZ3dWU2",IYA,Graduate student
Andrew Robert Dubbins,Andrew,Dubbins,adubbins@usc.edu,,Marshall,
Tian Chen,Tian,Chen,carl01036688@gmail.com,,,
Xiaojing Liu,Xiaojing,Liu,xliu9016@usc.edu,"USC IYA - MS Integrated Design, Business & Technology
Interests: Product Design, AI,Sustainability & Entrepreneurship
Linkedln: https://www.linkedin.com/in/xiaojing-liu-644ab9427
Portfolio: https://www.behance.net/xiaojingliu9",IYA,Graduate student
Zhubihe Zhu,Zhubihe,Zhu,zhubihez@usc.edu,,IYA,Graduate student
Carisa Gonzales,Carisa,Gonzales,carisago@usc.edu,,Marshall,Undergraduate student
Steve Bennett,Steve,Bennett,stephenrbennett1@gmail.com,,,
Dylan Soloff,Dylan,Soloff,dylan@kovello.com,"https://kovello.com/
https://www.linkedin.com/in/dylan-soloff-584b00162/",Other,Professional
Alexis Ho,Alexis,Ho,alexisssho@gmail.com,,Marshall,Graduate student
Sharleen Kirubi,Sharleen,Kirubi,kirubi@usc.edu,"https://www.linkedin.com/in/sharleen-kirubi-b72aa820a
General Manager, June To November ",Marshall,Graduate student
Xinyu Cui,Xinyu,Cui,tetexinyucui@gmail.com,,Other,Graduate student
Jimmy Suh,Jimmy,Suh,jsuh@eaglewealthmgmt.com,https://www.linkedin.com/in/jimsuh?utm_source=share_via&utm_content=profile&utm_medium=member_ios,Other,Professional
joel gaba,Joel,Gaba,jgaba@usc.edu,,,
Balaji Kannan,Balaji,Kannan,bk128482@gmail.com,,IYA,Graduate student
Stavyah Naveen,Stavyah,Naveen,snaveen@usc.edu,https://www.linkedin.com/in/stavyah/,Marshall,Undergraduate student
Arya Menon,Arya,Menon,aryameno@usc.edu,https://www.linkedin.com/in/arya-menon-24364b1a5/,IYA,Graduate student
Christopher Flores-Moreno,Christopher,Flores-Moreno,caf32326@usc.edu,"My interest are in AI building, specifically automation. I am also very interested in using AI automation and AI tools to tackle bottlenecks in small-mid size businesses, starting with the blue collar industry!


LinkedIn: https://www.linkedin.com/in/christopher-f-0888351aa/",IYA,Graduate student
Brandon Lucas,Brandon,Lucas,brandon@allin.com,https://www.linkedin.com/in/brandon-aristotle-lucas-a9122014?utm_source=share_via&utm_content=profile&utm_medium=member_ios,,
Alison Andrade,Alison,Andrade,alisona8@usc.edu,,Viterbi,Graduate student
ASWIN VEDHACHALAM VINAYAGA MURTHY,Aswin,Vedhachalam Vinayaga Murthy,vvaswin2004@gmail.com,"Im Building TIVOR. AI consulting for manufacturing.
www.linkedin.com/in/aswin-vv
www.tivor.us
vvaswin2004@gmail.com",Marshall,Graduate student
Katie Shannon,Katie,Shannon,katie@allin.com,"https://www.linkedin.com/in/katieshannon84?utm_source=share_via&utm_content=profile&utm_medium=member_ios
",Other,Professional
Elena Tang,Elena,Tang,yuningta@usc.edu,,,
sihuixin wang,Sihuixin,Wang,sihuixin@usc.edu,www.linkedin.com/in/sihuixin-w-813588147,IYA,Graduate student
imran ahmed,Imran,Ahmed,hello@greatpods.co,"https://greatpods.co
https://www.linkedin.com/in/imrangp/",Dornsife,Professional
Alvaro de la Cruz,Alvaro,De La Cruz,alvaro@alvarodlcruz.com,"USC MBA ’28, founder, and filmmaker. Interested in deep tech, energy, entertainment, and venture capital. Always happy to connect with people building something new.

https://www.linkedin.com/in/alvarodlcruz/
https://www.alvarodlcruz.com/
",Marshall,Graduate student
Garrett Temple,Garrett,Temple,gtemple@usc.edu,https://linkedin.com/in/10780,IYA,Graduate student
Srinija Chukkapalli,Srinija,Chukkapalli,schukkap@gmail.com,https://www.linkedin.com/in/srinija-chukkapalli-997671289/,IYA,Undergraduate student
Amos Burns,Amos,Burns,amos@fabletown.com,https://www.linkedin.com/in/famous-amos-burns-entrepreneur/,Marshall,Professional
John Genest,John,Genest,genest@usc.edu,https://www.linkedin.com/in/john-genest,IYA,Graduate student
Mikey Schumacher,Mikey,Schumacher,mikey@butcute.com,"https://www.linkedin.com/in/mikeyschu/

https://butcute.com/",Marshall,Professional
Freddy Wang,Freddy,Wang,zwang451@usc.edu,I like movies and camping!,Marshall,Graduate student
Moe Htet,Moe,Htet,mhhtet@usc.edu,"Portfolio: moehtet.com
Linkedin: http://linkedin.com/in/moehtet",IYA,Graduate student
Paul Orlando,Paul,Orlando,porlando@usc.edu,http://linkedin.com/in/porlando/,Marshall,Professional
Abhiijith Harikumar,Abhiijith,Harikumar,aharikum@usc.edu,https://www.linkedin.com/in/abhi-harikumar/,IYA,Graduate student
Heather Meade,Heather,Meade,hmeade@usc.edu,"https://heathermeade.github.io/
www.linkedin.com/in/heather-meade-04a3a3133",IYA,Graduate student
Trey Jennings,Trey,Jennings,treyjenn@usc.edu,https://compmusic.org,IYA,Graduate student
Alexander Infante,Alexander,Infante,ainfante@usc.edu,https://www.linkedin.com/in/alexander-infante,IYA,Graduate student
Michael Rice,Michael,Rice,ricemich@usc.edu,https://www.linkedin.com/in/seniormarketingexecutiv,IYA,Graduate student
Joanna Wu,Joanna,Wu,jiaxiwu@usc.edu,"food industry, sustainability, climate, immersive experiences ",Marshall,Graduate student
Masatoshi Takahashi,Masatoshi,Takahashi,masatoshi.takahashi.2027@marshall.usc.edu,"Interest Area: Manufacturing, Defense, Mobility

www.linkedin.com/in/masatoshi-takahashi-b6443026b",Marshall,Graduate student
Medha Vallurupalli,Medha,Vallurupalli,vallurup@usc.edu,https://www.linkedin.com/in/medhavallurupalli/,Marshall,Graduate student
Berke Karaoz,Berke,Karaoz,karaoz@usc.edu,https://www.linkedin.com/in/berke-karaoz-7aa401173,Marshall,Undergraduate student
Oscar Xia,Oscar,Xia,oxia@marshall.usc.edu,https://www.linkedin.com/in/oscxia,,
Tariq Nazar,Tariq,Nazar,tariqnaz@usc.edu,https://www.linkedin.com/in/tariq-nazar-/,Marshall,Graduate student
Wenyu Fan,Wenyu,Fan,wenyu.fan.2028@marshall.usc.edu,www.linkedin.com/in/wenyu-fan-889b07174,Marshall,Graduate student
Ved Chadderwala,Ved,Chadderwala,chadderw@usc.edu,https://www.linkedin.com/in/ved-chadderwala-196529223/,Viterbi,Graduate student
Ryan Javidzad,Ryan,Javidzad,ryan.javidzad.2028@marshall.usc.edu,https://www.linkedin.com/in/ryanjavidzad,Marshall,Graduate student
Jamie Park,Jamie,Park,jamie.park.2028@marshall.usc.edu,,Marshall,Graduate student
Melody Rose,Melody,Rose,melody@legalark.ai,"https://www.linkedin.com/in/melody-rose-dtla
www.legalark.ai",,
Masaya Heywood,Masaya,Heywood,mheywood@marshall.usc.edu,I make games! Check out my last project: outfoxgames.com,,
Maria Luisa Benavides MacEdo,Maria Luisa,Benavides MacEdo,mb77270@usc.edu,,,
David O'Neal,David,O'Neal,ddoneal@usc.edu,https://www.linkedin.com/in/ambientathletics/,,
Mikaela Golshani,Mikaela,Golshani,mgolshan@usc.edu,"Interests: Human-Centered Design • Social Innovation • Product Development • Brand Strategy

Linkedin profile: www.linkedin.com/in/mikaela-golshani-a20606230
",,
Kelvin Tsai,松倫,蔡,e74016085@gmail.com,,,
Clarissa Rosen,Clarissa,Rosen,clarissarosen@gmail.com,"https://www.linkedin.com/in/clarissa-rosen
AI for Good in Entertainment",,
Nathan Pham,Nathan,Pham,nathanphamily@gmail.com,,,
Zoey Islam,Zoey,Islam,zoeyislam@gmail.com,,,
Sanjana Ramana,Sanjana,Ramana,sramana@usc.edu,,,
Ami Sin,Ami,Sin,ami@amazinglab.tech,,,
Peyton Crawford,Peyton,Crawford,pcrawfor@usc.edu,linkedin.com/in/peytoncrawford2005,,
Lisa,Lisa,,lisacui@usc.edu,"love skiing, food
USC 30’ Dornsife Human Biology Major",,
Chris,Chris,,chris.c.92542@gmail.com,https://www.linkedin.com/in/christopherchuusc?utm_source=share_via&utm_content=profile&utm_medium=member_ios,,
Samantha Chen,Samantha,Chen,liyingc@usc.edu,,,
Clarissa Casas,Clarissa,Casas,cmcasas@usc.edu,,,
Yane Hsu,Yane,Hsu,yane.hsu@laureallc.com,,,
Carlos Quintana,Carlos,Quintana,caquinta@usc.edu,Racing Driver ,,
Rish,Rish,,anandris@usc.edu,"www.linkedin.com/in/rishabh-anand-b640a6320

",,
Jonathan Nguyen,Jonathan,Nguyen,jtn68842@usc.edu,,,
Alekya Nalagandla,Alekya,Nalagandla,nalagand@usc.edu,,,
Angelina,Angelina,Silvestri,as42817@usc.edu,"www.linkedin.com/in/angelina-silvestri

https://angelinasilver19.github.io/Angelina-Silvestri-Portfolio/",,
Ryan _w4,Ryan,_w4,litcakes204@gmail.com,"I love learning and building things with diverse people. Connecting with their journey and growing with them to provide value to society is my passion. 

https://www.linkedin.com/in/ryan-weinstock-024a39194?utm_source=share_via&utm_content=profile&utm_medium=member_android",,
Shayan Akhtari,Shayan,Akhtari,sakhtari@usc.edu,"President, EVMA",,
Summer Quercia,Summer,Quercia,sfsdylan@usc.edu,"I go by ""Summer Dylan"" - I'm in the DMM online program but live about 15 minutes from campus. I'm looking for students to collaborate with on my capstone, a startup documentary education / production company that turns fans into fimmakers. I've done quite a bit of development and would love to get it off the ground. ",,
Park Cofield,Park,Cofield,pcofield@marshall.usc.edu,,,
Pablo Presa Carrera,Pablo,Presa Carrera,pablopresacarrera@gmail.com,https://www.linkedin.com/in/pablo-presa-carrera,,
Rose Kiser,Rose,Kiser,kiserr@usc.edu,,,
Shyla Hardwick,Shyla,Hardwick,hardwickshy@gmail.com,,,
Corbin,Corbin,,higgens@usc.edu,"Interested in start ups for affordable housing, AI assisted governance, robotics, mass transit and productivity tech. ",,
Abhi Vyas,Abhi,Vyas,vabhi1678@gmail.com,"I am interested in health tech and deep tech! Graduated in Electrical Engineering undergrad, and within data and ai for a 4 years. 

LinkedIn: https://www.linkedin.com/in/vyas-abhi/",,
Jorge Carvajal,Jorge,Carvajal,jcarvaja@usc.edu,"Industrial engineer and computer science graduate student at USC with 15+ years of experience in HR, digital transformation, automation, and technology leadership across Colombia and Central America. I’m now exploring how AI can reshape talent, employability, and the future of work, while building ideas and products that create better opportunities for people.

LinkedIn: www.linkedin.com/in/jorgecarvajalgarcia",,
dani,Dani,,dandelionyyd@gmail.com,,,
Sneha Kamboj,Sneha,Kamboj,sskamboj@usc.edu,,,
